MSR_ID;MSR_NME;MSR_NMF
6.00000;1 fish (500 g);1 poisson (500 g)
7.00000;1 lobster (900 g);1 homard (900 g)
8.00000;1 abalone;1 ormeau
9.00000;1 anchovy;1 anchois
11.00000;1 balsam-pear;1 margose
12.00000;1 bar;1 barre
13.00000;1 bar (75 ml);1 barre (75 ml)
14.00000;1 beet (5 cm dia);1 betterave (5 cm dia)
15.00000;1 biscuit;1 biscuit pour le thé  (poudre à pâte)
16.00000;1 biscuit ( 2.5 cm x 5.7 cm dia);1 biscuit (2.5 cm x 5.7 cm dia)
17.00000;1 biscuit (1 cm x 9 cm dia);1 biscuit (1 cm x 9 cm dia)
20.00000;1 biscuit (2.5 cm x 6.4 cm dia);1 biscuit (2.5 cm x 6.4 cm dia)
23.00000;1 block;1 bloc
24.00000;1 box;1 boîte
25.00000;1 braided loaf;1 pain tressé
26.00000;1 bulb;1 bulbe
27.00000;1 burger;1 hambourgeois
28.00000;1 cake;1 gâteau
29.00000;1 cake (2 layer, 20 cm dia);1 gâteau (2 étages, 20 cm dia)
30.00000;1 cake (2 layer, 23 cm dia);1 gâteau (2 étages, 23 cm dia)
31.00000;1 cake (20 cm x 20 cm);1 gâteau (20 cm x 20 cm)
34.00000;1 cake (25.4 cm dia tube);1 gâteau (25,4 cm dia tube)
36.00000;1 cake (5 cm x 20 cm dia);1 gâteau (5 cm x 20 cm dia)
37.00000;1 can;1 cannette / boîte de conserve
38.00000;1 can (284 ml);1 cannette (284 ml)
39.00000;1 can (355 ml);1 cannette (355 ml)
40.00000;1 can diluted;1 cannette/boîte diluée
42.00000;1 cheesefurter;1 saucisse au fromage
43.00000;1 chestnut;1 marron
44.00000;1 chimichanga;1 chimichanga
45.00000;1 chop;1 côtelette
46.00000;1 chop (113 g);1 côtelette (113 g)
47.00000;1 chop (151 g);1 côtelette (151 g)
48.00000;1 cone;1 cornet
49.00000;1 cookie;1 biscuit
50.00000;1 cookie (0.9 cm x 5.1 cm dia);1 biscuit (0,9 cm x 5,1 cm dia)
51.00000;1 cookie (0.9 cm x 7.6 cm dia);1 biscuit (0,9 cm x 7,6 cm dia)
52.00000;1 cookie (1.9 cm x 7.6 cm dia);1 biscuit (1,9 cm x 7,6 cm dia)
53.00000;1 cookie (4.1 cm x 4.1 cm);1 biscuit (4,1 cm x 4,1 cm)
54.00000;1 cookie (5.1 cm dia);1 biscuit (5,1 cm dia)
55.00000;1 cookie (5.1 cm x 5.1 cm);1 biscuit (5,1 cm x 5,1 cm)
56.00000;1 cookie (5.7 cm dia);1 biscuit (5,7 cm dia)
58.00000;1 cookie (6.3 cm dia);1 biscuit (6,3 cm dia)
59.00000;1 cookie (6.7 cm dia);1 biscuit (6.7 cm dia)
60.00000;1 cookie (7 cm dia);1 biscuit (7 cm dia)
61.00000;1 cookie (7 cm x 2.2 cm);1 biscuit (7 cm x 2,2 cm)
62.00000;1 cookie (7.6 cm dia);1 biscuit (7,6 cm dia)
63.00000;1 cookie (7.9 cm x 3.2 cm x 0.9 cm);1 biscuit (7,9 cm x 3,2 cm x 0,9 cm)
64.00000;1 biscuit (3.5 cm x 8.3 cm);1 biscuit (3,5 cm x 8,3 cm)
65.00000;1 cookie (8.9 cm x 2.5 cm x 1.3 cm);1 biscuit (8,9 cm x 2,5 cm x 1,3 cm)
66.00000;1 cookie (8.9-10.2 cm dia);1 biscuit (8,9-10,2 cm dia)
67.00000;1 corm (2.5 cm dia);1 bulbe (2,5 cm dia)
68.00000;1 corm (8.9 cm dia);1 bulbe (8,9 cm dia)
70.00000;1 crab (150 g);1 crabe (150 g)
71.00000;1 crab (700 g);1 crabe (700 g)
72.00000;1 cracker;1 craquelin
73.00000;1 crayfish;1 écrevisse
74.00000;1 cream puff (8.9 cm dia);1 chou (8,9 cm dia)
75.00000;1 croissant;1 croissant
76.00000;1 crust (23 cm dia);1 croûte (23 cm dia)
77.00000;1 cube (10.5g);1 cube (10,5 g)
79.00000;1 doughnut (10,2 cm dia);1 beigne (10,2 cm dia)
80.00000;1 doughnut (11.4 cm x 8.9 cm, oval);1 beigne (11,4 cm x 8,9 cm, ovale)
81.00000;1 doughnut (7.6 cm dia);1 beigne (7,6 cm dia)
82.00000;1 doughnut (8.9 cm dia);1 beigne (8,9 cm dia)
83.00000;1 doughnut (8.9 cm x 6.3 cm, oval);1 beigne (8.9cm x 6.3 cm, ovale
84.00000;1 doughnut (9.5cm dia);1 beigne (9.5cm dia)
85.00000;1 drink box (250ml);1 boîte (250ml)
86.00000;1 drumstick;1 pilon
88.00000;1 ear;1 épi
89.00000;1 eclair (12.7cm x 5cm x 4.4cm);1 éclair (12.7cm x 5cm x 4.4cm)
90.00000;1 egg;1 oeuf
91.00000;1 egg (60ml);1 oeuf (60ml)
92.00000;1 eggplant peeled;1 aubergine pelée
93.00000;1 enchilada;1 enchilada
94.00000;1 enchirito;1 enchirito
95.00000;1 envelope;1 enveloppe
96.00000;1 envelope (8 per 127g);1 enveloppe (8 per 127g)
97.00000;1 fillet;1 filet
98.00000;1 fillet (11 cm x 5 cm x 0.6 cm);1 filet (11 cm x 5 cm x 0.6 cm)
99.00000;1 fish (1100g);1 poisson (1100g)
100.00000;1 fish (1300g);1 poisson (1300g)
101.00000;1 fish (1800g);1 poisson (1800g)
102.00000;1 fish (2200g);1 poisson (2200g)
103.00000;1 fish (225g);1 poisson (225g)
104.00000;1 fish (3000g);1 poisson (3000g)
105.00000;1 fish (350g);1 poisson (350g)
106.00000;1 fish (700g);1 poisson (700g)
107.00000;1 fish (900g);1 poisson (900g)
108.00000;1 fritter;1 beignet
110.00000;1 fruit;1 fruit
112.00000;1 fruit (14 cm dia);1 fruit (14 cm dia)
113.00000;1 fruit (14.6 cm x 7.3 cm x 6 cm);1 fruit (14.6 cm x 7.3 cm x 6 cm)
114.00000;1 fruit (22 cm x 3.6 cm dia);1 fruit (22 cm x 3.6 cm dia)
115.00000;1 fruit (5 cm dia);1 fruit (5 cm dia)
117.00000;1 fruit (6.4 cm dia);1 fruit (6.4 cm dia)
118.00000;1 fruit (6.4 cm x 7.6 cm dia);1 fruit (6.4 cm x 7.6 cm dia)
119.00000;1 fruit (6.7 cm dia);1 fruit (6.7 cm dia)
120.00000;1 fruit (6.8 cm dia);1 fruit (6.8 cm dia)
122.00000;1 fruit (7.3 cm dia);1 fruit (7.3 cm dia)
123.00000;1 fruit (8.3 cm x 7.3 cm dia);1 fruit (8.3 cm x 7.3 cm dia)
124.00000;1 fruit (8.5 cm x 7.6 cm dia);1 fruit (8.5 cm x 7.6 cm dia)
125.00000;1 fruit (8.9 cm x 6.4 cm dia);1 fruit (8.9 cm x 6.4 cm dia)
127.00000;1 fruit (9.5 cm x 8.6 cm dia);1 fruit (9.5 cm x 8.6 cm dia)
128.00000;1 gizzard;1 gésier
129.00000;1 gourd;1 gourde
130.00000;1 gourd (33.7 cm x 4.4 cm dia);1 gourde (33.7 cm x 4.4 cm dia)
131.00000;1 head;1 tête
134.00000;1 heart;1 coeur
135.00000;1 hotdog;1 hot-dog
136.00000;1 hushpuppy (5.7 cm x 3.2 cm);1 galette hush puppy (5.7 cm x 3.2 cm)
137.00000;1 ice cube;1 glaçon
138.00000;1 kidney;1 rognon
139.00000;1 large;1 gros
140.00000;1 large (30-40);1 gros (30-40)
141.00000;1 large clam;1 grosse mye
142.00000;1 large egg;1 gros oeuf
143.00000;1 large fruit;1 gros fruit
144.00000;1 large fruit (6 cm dia);1 gros fruit (6 cm dia)
145.00000;1 large link;1 grosse saucisse en chapelet
146.00000;1 large patty;1 grosse boulette
148.00000;1 leaf;1 feuille
149.00000;1 leek;1 poireau
150.00000;1 leg;1 cuisse
152.00000;1 link;1 saucisson
153.00000;1 link (10 cm x 3 cm dia);1 saucisse (10 cm x 3 cm dia)
154.00000;1 link (26 cm x 3.5 cm dia);1 saucisson (26 cm x 3.5 cm dia)
155.00000;1 liver;1 foie
158.00000;1 loaf (23 cm x 12.7 cm x 7.6 cm);1 pain (23 cm x 12.7 cm x 7.6 cm)
159.00000;1 lobster (700g);1 homard (700g)
160.00000;1 medium;1 moyen
161.00000;1 medium fruit (5.4 cm dia);1 fruit moyen (5.4 cm dia)
162.00000;1 medium patty;1 moyenne boulette
163.00000;1 medium slice;1 moyenne tranche
164.00000;1 muffin;1 muffin
167.00000;1 muffin (5.1 cm x 7 cm dia);1 muffin (5.1 cm x 7 cm dia)
171.00000;1 mushroom;1 champignon
172.00000;1 neck;1 cou
174.00000;1 package;1 paquet
175.00000;1 pancake (15.2 cm dia);1 crêpe (15.2 cm dia)
176.00000;1 pancake (8 cm dia);1 crêpe (8 cm dia)
177.00000;1 parsnip (16.5 cm x 2.5 cm dia);1 panais (16.5 cm x 2.5 cm dia)
178.00000;1 pastry;1 pâtisserie
179.00000;1 pastry (12 cm dia);1 pâtisserie (12 cm dia)
180.00000;1 pastry (16.5 cm x 1.9 cm);1 pâtisserie (16.5 cm x 1.9 cm)
181.00000;1 pastry (7.5 cm dia);1 pâtisserie (7.5 cm dia)
182.00000;1 pat;1 plaquette de beurre
183.00000;1 patty;1 boulette
184.00000;1 patty (5.7 cm dia);1 boulette (5.7 cm dia)
185.00000;1 pepper;1 piment
186.00000;1 pepper (9.5 cm x 7.6 cm dia);1 poivron (9.5 cm x 7.6 cm dia)
190.00000;1 pickle (9.5 cm long);1 cornichon (9.5 cm longe)
191.00000;1 pie;1 tarte
192.00000;1 pie (12.7 cm x 9.5 cm);1 tourte (12.7 cm x 9.5 cm)
193.00000;1 pie (20 cm dia);1 tarte (20 cm dia)
194.00000;1 pie (23 cm dia)];1 tarte (23 cm dia)
195.00000;1 pie, ready to serve;1 chausson
196.00000;1 piece;1 morceau
197.00000;1 piece (10 cm x 5 cm x 1.3 cm);1 morceau (10 cm x 5 cm x 1.3 cm)
199.00000;1 piece (11 cm x 5 cm x 2 cm);1 morceau (11 cm x 5 cm x 2 cm)
200.00000;1 piece (11 cm x 6 cm x 2 cm);1 morceau (11 cm x 6 cm x 2 cm)
201.00000;1 piece (12 cm x 5 cm x 2 cm);1 morceau (12 cm 5 cm x 2 cm)
202.00000;1 piece (14 cm x 4 cm x 1 cm);1 morceau (14 cm x 4 cm x 1 cm)
203.00000;1 piece (2.5 cm x 25 cm dia);1 morceau (2.5 cm x 25 cm dia)
205.00000;1 piece (4.5 cm x 4 cm x 4 cm);1 morceau (4.5 cm x 4 cm x 4 cm)
206.00000;1 piece (5 cm x 3 cm x 1.2 cm);1 morceau (5 cm x 3 cm x 1.2 cm)
207.00000;1 piece (6 cm x 4 cm x 4 cm);1 morceau (6 cm x 4 cm x 4 cm)
208.00000;1 piece (6.3 cm x 5 cm dia);1 morceau (6.3 cm x 5 cm dia)
210.00000;1 pita (16.5 cm dia);1 pita (16.5 cm dia)
211.00000;1 pizza (12'' );1 pizza (12'')
212.00000;1 pop;1 pop
213.00000;1 pop (75ml);1 pop (75ml)
216.00000;1 potato;1 pomme de terre
217.00000;1 potato (12cm x 6cm dia);1 pomme de terre (12cm x 6cm dia)
218.00000;1 potato (6.3cm dia);1 pomme de terre (6.3cm dia)
219.00000;1 pouch;1 sachet
220.00000;1 portion (pouch) prepared;1 sachet préparé
221.00000;1 pretzel;1 bretzel
222.00000;1 pudding cup;1 coupe de pouding
223.00000;1 radish (18cm x 6cm dia);1 radis (18cm x 6cm dia)
224.00000;1 rectangle;1 rectangle
227.00000;1 roll;1 pain mollet
228.00000;1 roll (6.3cm dia);1 pain mollet (6.3cm dia)
229.00000;1 roll (8.9cm dia);1 pain mollet  (8.9cm dia)
230.00000;1 root;1 racine
231.00000;1 round;1 rond
232.00000;1 saltine cracker;1 craquelin salé
233.00000;1 sandwich;1 sandwich
234.00000;1 sardine (12cm long);1 sardine (12cm longe)
235.00000;1 sardine (7.5cm long);1 sardine (7.5cm longe)
236.00000;1 sheet;1 feuille de pâte
237.00000;1 sheet (42cm x 30.5cm, thin);1 feuille (42cm x 30.5cm, mince)
238.00000;1 shell (12.7cm dia);1 coquille (12.7cm dia)
239.00000;1 shell (15.2-17.8cm dia);1 coquille (15.2-17.8cm dia)
240.00000;1 shell (17.8cm-20cm dia);1 coquille (17.8-20cm dia)
241.00000;1 shell (26.7cm dia);1 coquille (26.7cm dia)
242.00000;1 shell (9cm dia);1 coquille (9cm dia)
243.00000;1 shoot;1 pousse
244.00000;1 shoot (39cm x 2.9cm dia);1 pousse (39cm x 2.9cm dia)
245.00000;1 slice;1 tranche
246.00000;1 slice (0.2cm x 8cm dia);1 tranche (0.2cm x 8cm dia)
247.00000;1 slice (0.3cm x 10cm dia);1 tranche (0.3cm x 10cm dia)
248.00000;1 slice (0.3cm x 10.5cm dia);1 tranche (0.3cm x 10.5cm dia)
249.00000;1 slice (0.3cm x 11cm dia);1 tranche (0.3cm x 11cm dia)
250.00000;1 slice (0.6cm x 6cm dia);1 tranche (0.6cm x 6cm dia)
251.00000;1 slice (0.6cm);1 tranche (0.6cm)
252.00000;1 slice (1.3cm x 8.3cm dia);1 tranche (1.3cm x 8.3cm dia)
253.00000;1 slice (10cm x 10cm x 0.2cm);1 tranche (10cm x 10cm x 0.2cm)
254.00000;1 slice (10.8cm x 7.6cm x 1.9cm);1 tranche (10.8cm 7.6cm x 1.9cm)
255.00000;1 slice (11cm x 11cm x 0.2cm);1 tranche (11cm x 11cm x 0.2cm)
256.00000;1 slice (11 per 175g package);1 tranche (11 par 175g paquet)
258.00000;1 slice (12.7cm x 10.2cm x 0.9cm);1 tranche (12.7cm x 10.2cm x 0.9cm)
259.00000;1 slice (12.7cm x 10.2cm x 1.3cm);1 tranche (12.7cm x 10.2cm x 1.3cm)
260.00000;1 slice (12.7cm x 10.2cm x 1.9cm);1 tranche (12.7cm x 10.2cm x 1.9cm)
263.00000;1 slice (12.7cm x 9.5cm x 1.3cm);1 tranche (12.7cm x 9.5cm x 1.3cm)
264.00000;1 slice (13cm x 12cm x 0.2cm);1 tranche (13cm x 12cm x 0.2cm)
266.00000;1 slice (16cm x 10cm x 0.2cm);1 tranche (16cm x 10cm x 0.2cm)
267.00000;1 slice (17 per 375g package);1 tranche (17 par 375g paquet)
269.00000;1 slice (2cm x 9cm dia);1 tranche (2cm x 9cm dia)
270.00000;1 slice (6 per 125g package);1 tranche (6 par 125g paquet)
271.00000;1 slice (6 per 175g package);1 tranche (6 par 175g paquet)
273.00000;1 slice (8 per 175g package);1 tranche (8 par 175g paquet)
274.00000;1 small box;1 petite bôite
276.00000;1 smelt;1 éperlan
277.00000;1 snack cake;1 gâteau collation
278.00000;1 spear;1 tige et fleur
279.00000;1 square;1 carré
280.00000;1 square (17.8cm x 17.8cm);1 carré (17.8cm x 17.8cm)
281.00000;1 squid;1 calmar
283.00000;1 stem;1 queue
284.00000;1 stick;1 bâtonnet
285.00000;1 stick (19.4cm x 1.6cm dia);1 bâtonnet (19.4cm x 1.6cm dia)
286.00000;1 strip (21.5cm. long);1 tranche (21.5cm longueur)
287.00000;1 strudel;1 strudel
288.00000;1 sub;1 sous-marin
289.00000;1 sundae;1 coupe glacée
290.00000;1 super colossal;1 super colossale
292.00000;1 sweet roll (7cm x 7cm);1 brioche (7cm x 7cm)
293.00000;1 medium (12.7cm x 5.1cm dia);1 moyen (12.7cm x 5.1cm  dia)
294.00000;1 tablet;1 comprimé
295.00000;1 teaspoon;1 cuillère à thé
296.00000;1 thick wiener;1 grosse saucisse hot dog
297.00000;1 thigh;1 haut de cuisse
298.00000;1 toast;1 biscotte
299.00000;1 tomato;1 tomate
301.00000;2 tostadas;2 tostadas
302.00000;1 triple;1 craquelin triple
303.00000;1 turtle;1 tortue
304.00000;1 waffle (10.2cm dia);1 gaufre (10.2cm dia)
305.00000;1 waffle (17.8cm dia);1 gaufre (17.8cm dia)
306.00000;1 wiener;1 saucisse hot dog
307.00000;1 wing;1 aile
308.00000;1 yam (21cm x 6.3cm dia);1 igname (21cm x 6.3cm dia)
309.00000;1 oz whiskey;1 once whiskey
310.00000;1.5 oz whiskey;1.5 once whiskey
311.00000;1/10 cake (300g);1/10 gâteau (300g)
312.00000;1/10 fruit (20cm x 5cm dia);1/10 fruit (20cm x 5cm dia)
313.00000;1/12 cake (23cm dia);1/12 gâteau (23cm dia)
314.00000;1/12 cake (454g);1/12 gâteau (454g)
315.00000;1/2 back;1/2 dos
316.00000;1/2 bird;1/2 volaille
317.00000;1/2 breast;1/2 poitrine
318.00000;1/2 foot;1/2 pied
319.00000;1/2 fruit (13cm dia);1/2 fruit (13cm dia)
320.00000;1/2 fruit (9.5cm dia);1/2 fruit (9.5cm dia)
321.00000;1 leg and back;1 cuisse et dos
322.00000;1/4 small fruit;1/4 petit fruit
323.00000;1/5 head;1/5 tête
324.00000;1/6 (17.8cm dia);1/6 (17.8cm dia)
325.00000;1/6 cake (20cm dia);1/6 gâteau (20cm dia)
326.00000;1/6 cake (482g);1/6 gâteau (482g)
327.00000;1/6 pie (20cm dia);1/6 tarte (20cm dia)
328.00000;1/8 pie (23cm dia);1/8 tarte (23cm dia)
329.00000;1/8 ring (425g);1/8 rondelle (425g)
331.00000;1/9 cake (567g);1/9 gâteau (567g)
332.00000;10 chips;10  croustilles
333.00000;10 fruits;10 fruits
334.00000;10 halves;10 moities
335.00000;10 nuggets;10 croquettes
336.00000;10 pieces;10 morceaux
337.00000;10 rings;10 rondelles
338.00000;10 slices (0.6cm x 6.3cm dia);10 tranches (0.6cm x 6.3cm dia)
339.00000;10 strips;10 frites
340.00000;10 twists;10 torsades
341.00000;100ml;100ml
342.00000;100ml chips;100ml brisures
343.00000;100ml chopped;100ml haché
344.00000;100ml crumbled;100ml émietté
345.00000;100ml crumbs;100ml miettes
346.00000;100ml crushed;100ml écrasé
347.00000;100ml cubes;100ml en cubes
348.00000;100ml diced;100ml en dés
349.00000;100ml drained;100ml égoutté
350.00000;100ml elbows;100ml coudes
351.00000;100ml flaked;100ml flocons
352.00000;100ml giblets;100ml abattis
353.00000;100ml grated;100ml râpé
354.00000;100ml halves;100ml moitiés
355.00000;100ml large curd;100ml gros caillé
357.00000;100ml mashed;100ml en purée
358.00000;100ml melted;100ml fondu
359.00000;100ml mini;100ml mini
360.00000;100ml nuts;100ml noix
361.00000;100ml nuts (40);100ml noix (40)
362.00000;100ml packed;100ml pressés
363.00000;100ml pieces;100ml morceaux
364.00000;100ml pitted;100ml dénoyauté
365.00000;100ml poured;100ml versé
366.00000;100ml pulp;100ml pulpe
367.00000;100ml puree;100ml purée
368.00000;100ml shredded;100ml filamenté
369.00000;100ml shredded, packed;100ml filamenté, pressé
370.00000;100ml sifted;100ml tamisé
371.00000;100ml slices;100ml tranches
374.00000;100ml stirred;100ml mélangé
376.00000;100ml unpacked;100ml non pressé
377.00000;100ml unsifted;100ml non tamisé
378.00000;100ml whipped;100ml fouetté
379.00000;100ml whole;100ml entier
382.00000;12 biscuits;12 biscuits
383.00000;125ml;125ml
384.00000;15 kernels;15 graines
385.00000;15ml;15ml
386.00000;15ml bits;15ml miettes
387.00000;15ml chopped;15ml haché
388.00000;150ml;150ml
389.00000;175ml;175ml
394.00000;2 biscuits;2 biscuits
395.00000;2 burritos;2 burritos
396.00000;2 eggs;2 oeufs
398.00000;2 heaping teaspoons;2 cuillères à thé comble
399.00000;2 muffets;2 muffets
400.00000;2 per package;2 par paquet
402.00000;2 pieces;2 morceaux
403.00000;2 slices;2 tranches
404.00000;2 small;2 petits
405.00000;2 tablespoons;2 cuillères à table
408.00000;2oz cocktail;cocktail 2oz
410.00000;2.5oz cocktail;2.5 oz cocktail
411.00000;20 medium nuts;20  noix moyennes
412.00000;20 pieces;20 morceaux
413.00000;200ml;200ml
414.00000;225ml;225ml
415.00000;250ml;250ml
418.00000;250ml water + powder;250ml eau + poudre
419.00000;275ml;275ml
427.00000;3-4 heaping teaspoons;3-4 cuillères à thé comble
428.00000;30ml;30ml
429.00000;300ml;300ml
430.00000;375ml;375ml
431.00000;4 spears;4 tiges et fleurs
434.00000;4.5oz cocktail;cocktail 4.5oz
435.00000;5 hushpuppies;5 hush puppies
436.00000;5 leaves;5 feuilles
437.00000;5 slices;5 tranches
438.00000;5 sticks;5 bâtonnets
439.00000;5ml;5ml
440.00000;5ml chopped;5ml haché
443.00000;6 medium;6 moyennes
444.00000;6 oysters;6 huîtres
445.00000;6 pieces;6 morceaux
446.00000;6 scallops;6 pétoncles
447.00000;15-20 nachos;15-20 nachos
448.00000;6-8 shrimps;6-8 crevettes
451.00000;8 crayfish;8 écrevisses
452.00000;8-14 seeds;8-14 graines
453.00000;8-9 rings;8-9 rondelles
454.00000;dough for 1;pâte pour 1
456.00000;1 (0.8cm x 7.6cm dia) + liquid;1 (0.8cm x 7.6cm dia) + liquide
471.00000;1 bottle (341ml);1 bouteille (341ml)
473.00000;1 bean;1 fève
474.00000;1 bird;1 oiseau
477.00000;1 breast;1 poitrine
478.00000;1 cherry;1 cerise
479.00000;1 cherry tomato;1 tomate cerise
480.00000;1 chip;1 croustille
481.00000;1 clam;1 mye
482.00000;1 clove;1 gousse
484.00000;1 container (355ml);1 contenant (355ml)
486.00000;1 cookie (1.9cm x 4.4cm dia);1 biscuit (1.9cm x 4.4cm dia)
488.00000;1 cookie (4.4cm dia);1 biscuit (4.4cm dia)
489.00000;1 cookie (5.7cm x 3.8cm);1 biscuit (5.7cm x 3.8cm)
490.00000;1 cookie (6.3cm x 1.9cm x 0.6cm);1 biscuit (6.3cm x 1.9cm x 0.6cm)
491.00000;1 cookie (6.3cm x 6.3cm);1 biscuit (6.3cm x 6.3cm)
492.00000;1 corm (6.7cm dia);1 bulbe (6.7 cm dia)
493.00000;1 cracker (4.8cm dia);1 craquelin (4.8cm dia)
494.00000;1 cube (5.9g);1 cube (5.9g)
495.00000;1 doughnut (8.3cm dia);1 beigne (8.3cm dia)
496.00000;1 eclair shell (12.7cm x 5cm x 4.5cm);1 coquille d'éclair (12.7cm x 5cm x 4.5cm)
497.00000;1 envelope (8 per 112g);1 enveloppe (8 par 112g)
498.00000;1 flower;1 fleur
499.00000;1 floweret;1 fleurette (bouquet)
500.00000;1 fruit (5.7cm x 6.4cm dia);1 fruit (5.7cm x 6.4cm dia)
501.00000;1 fruit (7.6cm x  2.5cm dia);1 fruit (7.6cm x 2.5cm dia)
503.00000;1 green onion (15cm x 0.75cm dia);1 oignon vert (15cm x 0.75cm dia)
504.00000;1 jumbo;1 jumbo
505.00000;1 leaf (25cm x 16cm);1 feuille (25cm x 16cm)
506.00000;1 link (10cm x 2.2cm dia);1 saucisse (10cm x 2.2cm dia)
507.00000;1 link (5cm x 2cm dia);1 saucisse (5cm x 2cm dia)
508.00000;1 medium (11.4cm x 10.2cm x 4.4cm);1 moyen (11.4cm x 10.2cm x 4.4cm)
509.00000;1 medium fruit;1 fruit moyen
510.00000;1 medium leaf;1 feuille moyenne
511.00000;1 muffin (3.8cm x 6.3cm dia);1 muffin (3.8cm x 6.3cm dia)
512.00000;1 muffin (3.8cm x 6.4cm dia);1 muffin (3.8cm x 6.4cm dia)
513.00000;1 nutmeat (shelled nut);1 noix écalée (cerneau)
514.00000;1 onion (2.5cm dia);1 oignon (2.5cm dia)
515.00000;1 oyster;1 huître
516.00000;1 oyster/soup cracker;1 mini craquelin
517.00000;1 pad;1 feuille
518.00000;1 pancake (10.2cm dia);1 crêpe (10.2cm dia)
519.00000;1 pancake (7cm dia);1 crêpe (7cm dia)
520.00000;1 pastry (10.8cm dia);1 pâtisserie (10.8cm dia)
521.00000;1 petiole;1 pétiole
522.00000;1 piece (10cm x 2.5cm x 1.3cm);1 morceau (10cm x 2.5cm x 1.3cm)
523.00000;1 piece (2.54cm x 2.54cm);1 morceau (2.54cm x 2.54cm)
524.00000;1 piece (5cm x 2cm x 1cm);1 morceau (5cm x 2cm x 1cm)
525.00000;1 piece (5.7cm x 2cm x 4.5cm);1 morceau (5.7cm x 2cm x 4.5cm)
526.00000;1 piece (6.3cm x 6.3cm x 3.8cm);1 morceau (6.3cm x 6.3cm x 3.8cm)
527.00000;1 pita (10.2cm dia);1 pita (10.2cm dia)
528.00000;1 plant;1 plante
529.00000;1 pod;1 cosse
530.00000;1 pod (34cm x 0.6cm dia);1 cosse (34cm x 0.6cm dia)
531.00000;1 pod (39cm x 1.3cm dia);1 cosse (30cm x 1.3cm dia)
532.00000;1 pod (8cm x 2cm dia);1 cosse (8cm x 2cm dia)
533.00000;1 potato puff;1 morceau de p. de terre
535.00000;1 regular;1 régulier
536.00000;1 regular (20-25);1 régulier (20-25)
537.00000;1 sausage;1 saucisse
538.00000;1 section;1 section
539.00000;1 shell;1 coquille
540.00000;1 shortcake;1 gâteau éponge
541.00000;1 slice (0.2cm x 7cm dia);1 tranche (0.2cm x 7cm dia)
542.00000;1 slice (0.3cm x 12cm);1 tranche (0.3cm x 12cm)
543.00000;1 slice (0.3cm x 2.5cm dia);1 tranche  (0.3cm 2.5cm dia)
544.00000;1 slice (11.1cm x 6.3cm x 1.3cm);1 tranche (11.1cm x 6.3cm x 1.3cm)
545.00000;1 slice (11.4cm x 8.3cm x 1.9cm);1 tranche (11.4cm x 8.3cm x 1.9cm)
548.00000;1 slice (12.7cm x 7.6cm x 1.3cm);1 tranche (12.7cm x 7.6cm x 1.3cm)
549.00000;1 slice (8.3cm x 7cm x 1.6cm);1 tranche (8.3cm x 7cm x 1.6cm)
553.00000;1 small;1 petit
554.00000;1 small burger;1 petit hambourgeois
555.00000;1 small clam;1 petite mye
556.00000;1 small egg;1 petit oeuf
558.00000;1 small patty;1 petite boulette
559.00000;1 snack size;1 mini-tablette
560.00000;1 sprig;1 branche
561.00000;1 sprout;1 chou
562.00000;1 square 8.9cm x 8.9cm);1 carré (8.9cm x 8.9cm)
563.00000;1 stalk;1 tige
564.00000;1 spear (12.7cm long);1 tige et fleur (12.7cm long)
565.00000;1 stick (23.5cm x 0.9cm dia);1 bâtonnet (23.5cm x 0.9cm dia)
568.00000;1 thick slice;1 tranche épaisse
569.00000;1 thin square;1 carré mince
571.00000;1 very small;1 très petit
572.00000;1 waffle (10.2cm x 10.2cm);1 gauffre (10.2cm x 10.2cm)
573.00000;1 waffle (11.4cm x 11.4cm);1 gauffre (11.4cm x 11.4cm)
574.00000;1/10 cake (5cm x 20cm dia);1/10 gâteau (5cm x 20cm dia)
575.00000;1/12 cake (2 layer, 20cm dia);1/12 gâteau (2 etages, 20cm dia)
576.00000;1/12 cake (2 layer, 23cm dia);1/12 gâteau (2 etages, 23cm dia)
577.00000;1/12 cake (20cm dia);1/12 gâteau (20cm dia)
578.00000;1/12 cake (20cm x 20cm);1/12 gâteau (20cm x 20cm)
580.00000;1/12 cake (25.4cm dia tube);1/12 gâteau (25.4cm dia, tube)
581.00000;1/12 cake (340g);1/12 gâteau (340g)
583.00000;1/2 fillet;1/2 filet
584.00000;1/2 fruit + 25ml liquid;1/2 fruit + 25ml liquide
587.00000;1/4 lemon wedge;1/4 citron
588.00000;1/4 pie (15.2cm dia);1/4 tarte (15.2cm dia)
589.00000;1/6 pie;1/6 gâteau
590.00000;1/6 strudel;1/6 strudel
591.00000;1/8 cake (20cm x 15cm);1/8 gâteau (20cm x 15cm)
592.00000;1/8 cake (23cm dia);1/8 gâteau (23cm dia)
593.00000;1/8 crust (23cm dia);1/8 croûte (23cm dia)
594.00000;1/8 pie (17.8cm dia);1/8 tarte (17.8cm dia)
595.00000;1/8 pie (20cm dia);1/8 tarte (20cm dia)
596.00000;1/8 pizza (12'' );1/8 pizza (12'')
597.00000;1/9 cake (20cm x 20cm);1/9 gâteau (20cm x 20cm)
598.00000;10 gumdrops;10 bonbons
599.00000;10 large beans;10 gros bonbons
600.00000;10 nibs;10 nibs
601.00000;10 peas;10 pois
602.00000;10 peppers;10 piments
604.00000;10 radishes;10 radis
605.00000;10 sprigs;10 branches
606.00000;10 sprouts;10 graines germées
607.00000;10 sticks;10 bâtonnets
608.00000;100 almonds;100 amandes
609.00000;100 kernels;100 graines / noix
610.00000;100 seeds;100 graines
612.00000;100ml ground;100ml broyées
613.00000;100ml hearts;100ml coeurs
614.00000;100ml hulled;100ml écalées
616.00000;100ml not pitted;100ml avec noyau
617.00000;100ml sections;100ml sections
618.00000;100ml shredded, not packed;100ml filamenté, non pressé
619.00000;100ml small curd;100ml petit caillé
620.00000;100ml spirals;100ml spirales
621.00000;15 halves;15 moitiés
623.00000;2 fruits + 30ml liquid;2 fruits + 30ml liquide
624.00000;2 medium;2 moyennes
625.00000;2 small rice cakes;2 petites galettes de riz
626.00000;25 almonds;25 amandes
628.00000;3 fruits;3 fruits
629.00000;3 halves + 26ml liquid;3 moitiés + 26ml liquide
630.00000;3 stalks;3 tiges
631.00000;4 waterchestnuts (3.2-5.1cm dia);4 châtaignes (3.2-5.1cm dia)
633.00000;5 medium;5 moyennes
634.00000;5 skins;5 croustilles
635.00000;5 sprigs;5 branches
636.00000;50 kernels;50 graines/noix
637.00000;50 seeds;50 graines
638.00000;50ml;50ml
639.00000;6 small cups;6 petits
640.00000;60ml;60ml
641.00000;75ml;75ml
685.00000;10 nuts;10 noix
693.00000;1 bar (60g);1 barre (60g)
696.00000;1 envelope (13g);1 enveloppe (13g)
697.00000;1 envelope (14g);1 enveloppe (14g)
700.00000;1 bar (68g);1 barre (68g)
701.00000;1 bar (40g);1 barre (40g)
702.00000;1 candy roll;1 rouleau de bonbons
703.00000;1 bunch;1 botte
704.00000;10 slices;10 tranches
705.00000;1 endive;1 endive
709.00000;1 crab leg (500g);1 patte de crabe (500g)
798.00000;2 leaves;2 feuilles
799.00000;1 cupcake;1 petit gâteau
800.00000;3 saltine craquers;3 craquelins salés
801.00000;1 packet (individual);1 paquet (individuel)
858.00000;100ml (7 kernels);100ml (7 graines)
859.00000;1 large (20cm long);1 gros (20cm longueur)
860.00000;1 small (15cm long);1 petit (15cm longueur)
861.00000;1 small (10cm long);1 petit (10cm longueur)
862.00000;1 medium (11.5cm long);1 moyen (11.5cm longueur)
863.00000;1 large (13cm long);1 gros (13cm long)
864.00000;1/5 block;1/5 bloc
865.00000;1/4 block;1/4 bloc
866.00000;1 individual container;1 contenant individuel
867.00000;1 serving;1 portion
868.00000;1 bottle (475ml);1 bouteille (475ml)
878.00000;1 unprepared portion;1 portion non preparée
897.00000;1 shell (7.6cm dia);1 coquille (7.6cm dia)
898.00000;1 shell (20cm dia);1 coquille (20cm dia)
899.00000;1 shell (25cm dia);1 coquille (25cm dia)
900.00000;1 shell (15.2cm dia);1 coquille (15.2cm dia)
917.00000;10-12 kernels;10-12 graines/noix
923.00000;45ml;45ml
931.00000;1 portion (pouch), unprepared;1 portion (sachet), non préparée
932.00000;80ml;80ml
933.00000;1 cutlet;1 escalope
934.00000;1 collar;1 collet
935.00000;1 lung;1 poumon
939.00000;250ml, dry;250ml, sec
941.00000;1 extra large egg;1 oeuf extra gros
942.00000;1 medium egg;1 oeuf moyen
943.00000;250ml, crushed;250ml, écrasé
944.00000;100ml crushed, diced or chunks;100ml écrasé, en dés ou morceaux
946.00000;10 crackers;10 craquelins
947.00000;175ml prepared;175ml préparé
949.00000;1 slice, small (5cm x 6.3cm x 4.4cm);1 tranche, petite (5cm x 6.3cm x 4.4cm)
950.00000;1 slice, medium (10cm x 6.3cm x 4.4cm);1 tranche, moyenne (10cm x 6.3cm x 4.4cm)
951.00000;1 slice, large (15cm x 6.3cm x 4.4cm);1 tranche, grosse (15cm x 6.3cm x 4.4cm)
952.00000;1 potato small (4.4cm-5.7cm dia);1 pomme de terre - petite (4.4cm-5.7cm dia)
953.00000;1 potato medium (5.7cm-8.3cm dia);1 pomme de terre - moyenne (5.7cm-8.3cm dia)
954.00000;1 potato large (7.6cm-10.8cm dia);1 pomme de terre - grosse (7.6cm-10.8cm dia)
955.00000;15ml drained;15ml drainé
957.00000;1 fruit + liquid;1 fruit + liquide
959.00000;1/2 fruit + liquid;1/2 fruit + liquide
960.00000;15 chestnuts;15 marrons
962.00000;5ml, ground;5ml, moulu
963.00000;15ml, ground;15ml, moulu
964.00000;5ml, leaves;5ml, feuilles
965.00000;15ml, leaves;15ml, feuilles
966.00000;1 pat (2.54cm x 2.54cm x 0.85cm);1 carré (2.54cm x 2.54cm x 0.85cm)
968.00000;125ml diced;125ml en dés
969.00000;125ml shredded;125ml filamenté
971.00000;125ml slices;125ml tranches
972.00000;125ml large curd;125ml gros caillé
973.00000;125ml small curd;125ml petit caillé
974.00000;125ml unpacked;125ml non pressé
975.00000;250ml crumbled;250ml émietté
976.00000;250ml diced;250ml en dés
977.00000;250ml shredded;250ml filamenté
978.00000;250ml melted;250ml fondu
979.00000;250ml slices;250ml tranches
981.00000;250ml large curd;250ml gros caillé
982.00000;250ml small curd;250ml petit caillé
983.00000;250ml unpacked;250ml non pressé
987.00000;175g;175g
988.00000;250ml, sifted;250ml, tamisé
989.00000;15ml, sifted;15ml, tamisé
990.00000;50g;50g
991.00000;250ml, chopped;250ml, haché
992.00000;1 jumbo egg;1 oeuf jumbo
994.00000;250ml, diced;250ml, en dés
995.00000;250ml, shredded;250ml, filamenté
996.00000;250ml, melted;250ml, fondu
997.00000;250ml, crumbled;250ml, émietté
998.00000;1 creamer;1 godelet
999.00000;250ml whipped;250ml fouetté
1000.00000;250ml fluid (yields 2 cups whipped);250ml liquide (donne 2 tasses fouettée)
1001.00000;5ml crumbled;5ml émietté
1002.00000;15ml crumbled;15ml émietté
1003.00000;250ml sprigs;250ml branches
1004.00000;100ml sprigs;100ml branches
1005.00000;1 dash;1 pincée
1007.00000;125ml halves;125ml moitiés
1009.00000;3 halves with liquid;3 moitiés avec liquide
1010.00000;250ml halves;250ml moitiés
1011.00000;125ml whole;125ml entier
1012.00000;250ml whole;250ml entier
1013.00000;125ml puree;125ml purée
1014.00000;250ml puree;250ml purée
1015.00000;125ml cubes;125ml cubes
1016.00000;250ml cubes;250ml cubes
1017.00000;125ml frozen;125ml congelé
1018.00000;250ml frozen;250ml congelé
1019.00000;100ml frozen;100ml congelé
1020.00000;125ml thawed;125ml dégelé
1021.00000;250ml thawed;250ml dégelé
1022.00000;100ml thawed;100ml dégelé
1023.00000;1 large fruit (11.5cm long);1 gros fruit (11.5cm long)
1024.00000;1 medium fruit (9cm long);1 fruit moyen  (9cm long)
1025.00000;1 small fruit (7.5cm long);1 petit fruit (7.5cm long)
1026.00000;125ml pitted;125ml dénoyauté
1027.00000;250ml not pitted;250ml avec noyau
1028.00000;250ml pitted;250ml dénoyauté
1029.00000;125ml not pitted;125ml avec noyau
1030.00000;20 fruits;20 fruits
1031.00000;125ml chopped;125ml haché
1032.00000;250ml chopped;250ml haché
1033.00000;1 slice (1.3cm thick);1 tranche (1.3cm épaisseur)
1034.00000;5 fruits + liquid;5 fruits + liquide
1035.00000;2 figs;2 figues
1036.00000;10 figs;10 figues
1037.00000;125ml sections;125ml sections
1038.00000;250ml sections;250ml sections
1040.00000;40 fruits;40 fruits
1041.00000;15 fruits;15 fruits
1042.00000;5 fruits;5 fruits
1043.00000;1 wedge or slice of medium fruit;1 quartier ou tranche d'un fruit moyen
1046.00000;1 small fruit;1 petit fruit
1047.00000;1 melon;1 melon
1048.00000;10 melon balls;10 boules de melon
1049.00000;100ml balls;100ml boules
1050.00000;125ml balls;125ml boules
1051.00000;250ml balls;250ml boules
1052.00000;1 melon (13.3cm dia);1 melon (13.3cm dia)
1053.00000;1 melon (15.2cm - 17.8cm dia);1 melon (15.2cm - 17.8cm dia)
1054.00000;1 wedge (1/8 of a 13.3cm dia melon);1 quartier (1/8 d'un melon de 13.3cm dia)
1055.00000;1 wedge (1/8 of a 15.2cm to 17.8cm dia melon);1 quartier (1/8 d'un melon de 15.2cm à 17.8cm dia)
1056.00000;1 medium fruit (6cm dia);1 fruit moyen (6cm dia)
1057.00000;1 small fruit (5.7cm dia);1 petit fruit (5.7cm dia)
1058.00000;1 large fruit (6.4cm dia);1 gros fruit (6.4cm dia)
1059.00000;125ml mashed;125ml en purée
1060.00000;250ml mashed;250ml en purée
1061.00000;1 large (14.6cm long x 8.3cm dia);1 gros (14.6cm long x 8.3cm dia)
1062.00000;1 medium (13cm long x 7.6cm dia);1 moyen (13cm long x 7.6cm dia)
1063.00000;1 small (11.4cm long x 7cm dia);1 petit (11.4cm long x 7cm dia)
1064.00000;100ml halves or slices;100ml moitiés ou tranches
1065.00000;125ml halves or slices;125ml moitiés ou tranches
1066.00000;250ml halves or slices;250ml moitiés ou tranches
1067.00000;1 half with liquid;1 moitié avec liquide
1068.00000;2 halves;2 moitiés
1070.00000;75ml halves;75ml moitiés
1071.00000;100ml chunks;100ml gros morceaux
1072.00000;125ml chunks;125ml gros morceaux
1073.00000;250ml chunks;250ml gros morceaux
1076.00000;125ml pulp;125ml pulpe
1077.00000;250ml pulp;250ml pulpe
1078.00000;1 fruit (17.8cm x 13.3cm dia);1 fruit (17.8cm x 13.3cm dia)
1079.00000;1 melon (38cm x 19cm dia);1 melon (38cm x 19cm dia)
1080.00000;1 piece (1/16 of melon);1 morceau (1/16 de melon)
1081.00000;1 medium fruit (7cm dia);1 fruit moyen (7cm dia)
1082.00000;1 large fruit (8..3cm dia);1 gros fruit (8.3cm dia)
1083.00000;1 small fruit (6.4cm dia);1 petit fruit (6.4cm dia)
1084.00000;1 extra small (less than 15cm long);1 très petit (moins de 15 cm long)
1085.00000;1 small (15cm to 17.5cm long);1 petit (15cm à 17.5cm long)
1086.00000;1 medium (18cm to 20cm long);1 moyen (18cm à 20cm long)
1087.00000;1 large (20cm to 22.5cm long);1 gros (20cm à 22.5cm long)
1088.00000;1 extra large (23cm or longer);1 très gros (23cm ou plus)
1089.00000;50 berries;50 baies
1090.00000;100ml pitted, chopped;100ml dénoyauté, haché
1091.00000;125ml pitted, chopped;125ml dénoyauté, haché
1092.00000;250ml pitted, chopped;250ml dénoyauté, haché
1095.00000;1 small fruit (3.8cm dia);1 petit fruit (3.8cm dia)
1096.00000;1/2 fruit (approx 11.5cm dia);1/2 fruit (approx 11.5cm dia)
1097.00000;1/2 fruit (approx 10cm dia);1/2 fruit (approx 10cm dia)
1098.00000;1/2 fruit (approx 9cm dia);1/2 fruit (approx 9cm dia)
1099.00000;100ml seedless;100ml sans pépins
1100.00000;125ml seedless;125ml sans pépins
1101.00000;250ml seedless;250ml sans pépins
1107.00000;1 large melon (16.5cm dia);1 gros melon  (16.5cm dia)
1108.00000;1 large wedge (1/8 large melon);1 gros quartier (1/8 gros melon)
1109.00000;1 medium melon (12.7cm dia);1 melon moyen (12.7cm dia)
1110.00000;1 medium wedge (1/8 medium melon);1 quartier moyen (1/8 melon moyen)
1111.00000;1 small melon (10.8cm dia);1 petit melon (10.8cm dia)
1112.00000;1 small wedge (1/8 small melon);1 petit quartier (1/8 petit melon)
1113.00000;1 large (7.8cm dia);1 gros (7.8cm dia)
1114.00000;1 medium (6.7cm dia);1 moyen (6.7cm dia)
1115.00000;1 small (6cm dia);1 petit (cm dia)
1116.00000;1 large (7cm dia);1 gros (7cm dia)
1117.00000;1 medium (6.4cm dia);1 moyen (6.4cm dia)
1118.00000;1 small (5cm dia);1 petit (5cm dia)
1119.00000;125ml drained;125ml égoutté
1120.00000;250ml drained;250ml égoutté
1121.00000;9 fruits;9 fruits
1122.00000;100ml chopped or diced;100ml haché ou en dés
1123.00000;125ml chopped or diced;125ml haché ou en dés
1124.00000;250ml chopped or diced;250ml haché ou en dés
1125.00000;1 small (2.5cm dia);1 petit (2.5cm dia)
1126.00000;1 medium (3.2cm dia);1 moyen (3.2cm dia)
1127.00000;1 large (3.5cm dia);1 gros (3.5cm dia)
1128.00000;1 extra large (4.1cm dia);1 très gros (4.1cm dia)
1129.00000;125ml packed;125ml pressé
1130.00000;250ml packed;250ml pressé
1131.00000;1 miniature box;1 boîte miniature
1132.00000;50 raisins;50 raisins
1133.00000;75ml pitted;75ml dénoyauté
1135.00000;125ml crushed, diced or chunks;125ml écrasé, en dés ou morceaux
1136.00000;250ml crushed, diced or chunks;250ml écrasé, en dés ou morceaux
1137.00000;1 slice (7.6cm dia) + liquid;1 tranche (7.6cm dia) + liquide
1138.00000;1 thin slice (1.3cm x 9cm dia);1 tranche mince (1.3cm x 9cm dia)
1140.00000;1 spear tip (5cm long and less);1 pointe (5 cm long. et moins)
1141.00000;1 small spear (12.7cm long or less);1 petite tige (12.7cm long. ou moins)
1142.00000;1 medium spear (13.3cm to 17.8cm long);1 tige moyenne (13.3cm à 17.8cm long)
1143.00000;1 large spear (18.4cm to 21.6cm long);1 grosse tige (18.4cm à 21.6cm long)
1144.00000;1 extra large spear (22.2cm to 25.4cm long);1 très grosse tige (22.2cm à 25.4cm long)
1145.00000;125ml pieces;125ml morceaux
1146.00000;250ml pieces;250ml morceaux
1152.00000;1 small (10.2cm dia);1 petit (10.2cm dia)
1153.00000;1 medium (12.7cm dia);1 moyen (12.7cm dia)
1154.00000;1 large (14cm dia);1 gros (14cm dia)
1161.00000;9 sprigs;9 branches
1166.00000;1 eggplant unpeeled;1 aubergine non pelée
1173.00000;125ml shredded or chopped;125ml filamenté ou haché
1174.00000;250ml shredded or chopped;250ml filamenté ou haché
1175.00000;100ml shredded or chopped;100ml filamenté ou haché
1176.00000;1 head (12.7cm dia);1 tête (12.7cm dia)
1177.00000;1 small leaf;1 petite feuille
1178.00000;1 large leaf;1 grosse feuille
1179.00000;1 root (24cm long);1 racine (24cm long)
1186.00000;1 medium (10.5cm long);1 moyen (10.5cm long)
1187.00000;1 small (7.6cm long);1 petit (7.6cm long)
1189.00000;1 skin;1 pelure
1191.00000;1 squash;1 courge
1194.00000;100ml undrained;100ml non drainé
1195.00000;125ml undrained;125ml non drainé
1196.00000;250ml undrained;250ml non drainé
1197.00000;10 sheets;10 feuilles
1200.00000;1 leaf (31cm long);1 feuille (31cm long)
1209.00000;1 radish (17cm long);1 radis (17cm long)
1212.00000;1 pancake;1 crêpe
1214.00000;125ml hearts;125ml coeurs
1215.00000;250ml hearts;250ml coeurs
1216.00000;1 large gherkin (7.6cm long);1 gros cornichon (7.6cm long)
1217.00000;1 medium gherkin (7cm lon);1 moyen cornichon (7cm lon)
1218.00000;1 small gherkin (6.4cm lon);1 petit cornichon (6.4cm lon)
1219.00000;1 large (10cm long);1 gros (10cm long)
1220.00000;1 medium (9.5cm long);1 moyen  (9.5cm long)
1222.00000;1 large (9.5cm long, 7.6cm dia);1 gros (9.5cm long, 7.6cm dia)
1228.00000;1 large head (15cm to 18cm dia);1 grosse tête (15cm à 18cm dia)
1229.00000;1 medium head (13cm to 15cm dia);1 tête moyenne  (13cm à 15cm dia)
1230.00000;1 small head  (10cm dia);1 petite tête  (10cm dia)
1231.00000;1 cucumber (21cm long);1 concombre (21cm long)
1232.00000;1 spear (about 13cm long);1 pointe (environ 13cm long)
1234.00000;10 beans;10 fèves
1235.00000;1 beet;1 betterave
1237.00000;1 large stalk (28cm to 31cm long);1 grosse tige (28cm à 31cm long)
1238.00000;1 medium stalk (19cm to 20cm long);1 tige moyenne (19cm à 20cm long)
1239.00000;1 small stalk (13cm long);1 petite tige (13cm long)
1241.00000;125ml grated;125ml râpé
1242.00000;250ml grated;250ml râpé
1243.00000;1 large (18.4cm to 21.6cm long);1 gros (18.4cm à 21.6cm long)
1244.00000;1 small (14cm long);1 petit (14cm long)
1245.00000;1 large strip (7.6cm long);1 gros bâtonnet  (7.6cm long)
1246.00000;1 medium strip;1 moyen bâtonnet
1247.00000;1 thin strip;1 bâtonnet mince
1248.00000;1 carrot;1 carotte
1250.00000;100ml strips;100ml bâtonnets
1251.00000;125ml strips;125ml bâtonnets
1252.00000;250ml strips;250ml bâtonnets
1253.00000;1 strip (10cm long);1 bâtonnet (10cm long)
1255.00000;yield from 1 large ear (20cm to 23cm long);rendement d'un gros épi (20cm à 23cm long)
1256.00000;yield from 1 medium ear (17cm to 19cm long);rendement d'un épi moyen (17cm à 19cm long)
1257.00000;yield from 1 small ear (14cm to 16.5cm long);rendement d'un petit épi (14cm à 16.5cm long)
1261.00000;1 large head;1 grosse tête
1262.00000;1 medium head (15cm dia);1 moyenne tête (15cm dia)
1263.00000;1 small head;1 petite tête
1266.00000;1 large slice;1 grosse tranche
1267.00000;1 thin slice;1 tranche mince
1268.00000;10 large rings (7.6cm to 10cm dia);10 grosses rondelles (7.6cm à 10cm dia)
1269.00000;10 medium rings (5cm to 7.6cm dia);10 rondelles moyennes (5cm à 7.6cm dia)
1270.00000;10 small rings (2.5cm to 5cm dia);10 petites rondelles (2.5cm à 5cm dia)
1272.00000;1 parsnip (23cm long);1 panais (23cm long)
1274.00000;1 large (7.6cm to 10.8cm dia);1 gros (7.6cm à 10.8cm dia)
1275.00000;1 medium (5.7cm to 8.3cm dia);1 moyen (5.7cm à 8.3cm dia)
1276.00000;1 small (4.4cm to 6.4cm dia);1 petit (4.4cm à 6.4cm dia)
1279.00000;100ml unprepared;100ml non préparé
1280.00000;125ml unprepared;125ml non préparé
1281.00000;250ml unprepared;250ml non préparé
1282.00000;1 oval patty (7.6cm x 3.8cm x 1.3cm);1 galette ovale (7.6cm x 3.8cm x 1.3cm)
1283.00000;1 large (2.5cm to 3.2cm dia);1 gros  (2.5cm à 3.2cm dia)
1284.00000;1 medium (1.9cm to 2.5cm dia);1 moyen  (1.9cm à 2.5cm dia)
1286.00000;1 squash (10cm dia);1 courge (10cm dia)
1290.00000;100ml chopped or sliced;100ml haché ou tranché
1291.00000;125ml chopped or sliced;125ml haché ou tranché
1292.00000;250ml chopped or sliced;250ml haché ou tranché
1293.00000;100ml cherry totatoes;100ml tomates cerises
1294.00000;125ml cherry tomatoes;125ml tomates cerises
1295.00000;250ml cherry tomatoes;250ml tomates cerises
1296.00000;1 italian tomato;1 tomate italienne
1297.00000;1 plum tomato;1 tomate oblongue
1298.00000;1 large whole (7.6cm dia);1 gros entier (7.6cm dia)
1299.00000;1 medium whole (6.6cm dia);1 moyen entier (6.6cm dia)
1300.00000;1 small whole (6cm dia);1 petit entier (6cm dia)
1301.00000;1 wedge (1/4 of medium tomato);1 quartier (1/4 de tomate moyenne)
1302.00000;1 medium (7cm long, 6.4cm dia);1 moyen  (7cm long, 6.4cm dia)
1303.00000;1 ring (7.6cm dia, 0.6cm thick);1 anneau  (7.6cm dia, 0.6cm épaisseur)
1307.00000;60ml hulled;60ml écalé
1308.00000;125ml hulled;125ml écalé
1309.00000;60ml ground;60ml broyé
1310.00000;125ml ground;125ml broyé
1311.00000;60ml slices;60ml tranches
1312.00000;60ml whole;60ml entier
1313.00000;100ml slivered;100ml effilé
1314.00000;60ml slivered;60ml effilé
1315.00000;125ml slivered;125ml effilé
1316.00000;1 almond;1 amande
1317.00000;30ml packed;30ml pressé
1318.00000;60ml packed;60ml pressé
1319.00000;100ml whole or halves;100ml entiers ou moitiés
1320.00000;60ml whole or halves;60ml entiers ou moitiés
1321.00000;125ml whole or halves;125ml entiers ou moitiés
1322.00000;125ml shredded, not packed;125ml filamenté, non pressé
1323.00000;125ml shredded, packed;125ml filamenté, pressé
1324.00000;60ml chopped;60ml haché
1325.00000;60ml halves;60ml moitiés
1326.00000;60ml pieces;60ml morceaux
1328.00000;100ml halves or whole;100ml moitiés ou entier
1329.00000;60ml halves or whole;60ml moitiés ou entier
1330.00000;125ml halves or whole;125ml moitiés ou entier
1331.00000;2 pancakes;2 crêpes
1332.00000;1 tostada;1 tostada
1333.00000;125ml regular;125ml régulière
1334.00000;250ml regular;250ml régulière
1335.00000;100ml regular;100ml régulière
1336.00000;100ml ripple, ruffle or crinkle cut;100ml coupe ripple, ruffle ou crinkle
1337.00000;125ml ripple, ruffle or crinkle cut;125ml coupe ripple, ruffle ou crinkle
1338.00000;250ml ripple, ruffle or crinkle cut;250ml coupe ripple, ruffle ou crinkle
1339.00000;250ml dry;250ml sec
1340.00000;250ml unsifted;250ml non tamisé
1341.00000;250ml elbows;250ml coudes
1343.00000;250ml spirals;250ml spirales
1344.00000;125ml elbows;125ml coudes
1345.00000;125ml spirals;125ml spirales
1348.00000;20ml;20ml
1349.00000;20ml to 30ml;20ml à 30ml
1350.00000;30ml to 40ml;30ml à 40ml
1352.00000;10ml;10ml
1353.00000;500ml;500ml
1354.00000;1 bottle (330ml);1 bouteille (330ml)
1355.00000;1 bottle (750ml);1 bouteille (750ml)
1356.00000;40ml;40ml
1357.00000;1 mini bagel (6.4cm dia);1 mini bagel (6.4cm dia)
1358.00000;1 small bagel (7.6cm dia);1 petit bagel (7.6cm dia)
1359.00000;1 medium bagel (9-10cm dia);1 moyen bagel (9-10cm dia)
1360.00000;1 large bagel (11.4cm dia);1 gros bagel (11.4cm dia)
1362.00000;1 small biscuit (3.8cm dia);1 petit biscuit (3.8cm dia)
1363.00000;1 medium biscuit (6.4cm dia);1 biscuit moyen (6.4 cm dia)
1364.00000;1 large biscuit (10.1cm dia);1 gros biscuit (10.1cm dia)
1366.00000;100ml purchased;100ml acheté
1367.00000;250ml purchased;250ml acheté
1368.00000;100ml homemade;100ml  recette maison
1369.00000;250ml homemade;250ml recette maison
1370.00000;1/2 medium bagel;1/2 moyen bagel
1373.00000;250ml crumbs;250ml miettes
1374.00000;1/8 cake;1/8 gâteau
1375.00000;1/8 cake (20cm x 20cm);1/8 gâteau (20cm x 20cm)
1376.00000;1/10 cake (20cm x 20cm);1/10 gâteau (20cm x 20cm)
1377.00000;1/10 cake (20cm  x 15cm);1/10 gâteau (20cm  x 15cm)
1378.00000;1/10 cake (454g);1/10 gâteau (454g)
1379.00000;1/8 cake (454g);1/8 gâteau (454g)
1380.00000;1/10 cake (25.4cm dia tube);1/10 gâteau (25.4cm dia tube)
1381.00000;1/8 cake (25.4cm dia tube);1/8 gâteau (25.4cm dia tube)
1382.00000;1/8 cake (5cm x20cm dia);1/8 gâteau (5cm x20cm dia)
1383.00000;1/8 cake (482g);1/8 gâteau  (482g)
1384.00000;1 mini doughnut (3.81cm) or doughnut hole;1 mini beigne (3.81cm) ou trou de beigne
1385.00000;250ml poured;250ml versé
1386.00000;10 peanuts;10 arachides
1388.00000;3 patties (5.7cm dia);3 boulettes (5.7cm dia)
1389.00000;250ml stirred;250ml mélangé
1393.00000;240ml;240ml
1394.00000;1 cube;1 cube
1399.00000;125ml giblets;125ml abats
1400.00000;250ml giblets;250ml abats
1401.00000;1 social tea cookie;1 biscuit social thé
1402.00000;1 arrowroot cookie;1 biscuit arrowroot
1403.00000;1 animal cracker;1 craquelin en forme d'animaux
1405.00000;1 bite size cookie;1 mini biscuit (petite bouchée)
1406.00000;250ml crushed;250ml écrasé
1407.00000;1 cracker (2.54cm dia);1 craquelin (2.54cm dia)
1408.00000;1 goldfish;1 goldfish (p'tits poissons)
1410.00000;1 cracker (11.4 x 6.4 x .13);1 craquelin (11.4 x 6.4 x .13)
1411.00000;1 mini cream puff;1 mini chou
1413.00000;1 mini;1 mini
1414.00000;1 pastry  (17.8cm dia);1 pâtisserie (17.8cm dia)
1415.00000;1 waffle cone;1 cornet gaufré
1417.00000;1 extra large;1 très gros
1418.00000;1 tart shell;1 croûte à tartelette
1420.00000;1 shell (16.5cm dia);1 coquille (16.5cm dia)
1424.00000;1 piece (9.5cm x 4.4cm x .13cm dia);1 morceau  (9.5cm x 4.4cm x .13cm dia)
1425.00000;15 slices;15 tranches
1426.00000;1 shell (30.5cm dia);1 coquille (30.5cm dia)
1427.00000;125ml chips;125ml brisures
1428.00000;250ml chips;250ml brisures
1429.00000;1 slice (.2cm x 3.5cm dia);1 tranche (.2cm x 3.5cm dia)
1430.00000;10 small beans;10 petit bonbons
1431.00000;1 slice (.3cm x 6cm dia);1 tranche (.3cm x 6cm dia)
1433.00000;1 slice (.3cm x 9.5cm dia);1 tranche  (.3cm x 9.5cm dia)
1434.00000;1 slice (.6cm x 5cm dia);1 tranche (.6cm x 5cm dia)
1435.00000;1 slice (.6cm x 6.5cm dia);1 tranche  (.6cm x 6.5cm dia)
1436.00000;1 slice (.6cm x 8cm dia);1 tranche (.6cm x 8cm dia)
1438.00000;125ml sifted;125ml tamisé
1440.00000;125ml unsifted;125ml non tamisé
1443.00000;1 bar (62.5g);1 barre (62.5g)
1444.00000;10 gummy worms;10 vers en gélatine
1445.00000;10 gummy fish;10 poissons en gélatine
1446.00000;10 gummy bears;10 oursons en gélatine
1447.00000;10 gummy dinosaurs;10 dinosaures en gélatine
1451.00000;1 fruit (5.4cm dai);1 fruit (5.4cm dia)
1453.00000;1small biscuit (6.4cm dia);1 petit biscuit (6.4cm dia)
1454.00000;30g;30g
1455.00000;100g;100g
1456.00000;40g;40g
1457.00000;140g;140g
1458.00000;6 halves;6 moitiés
1459.00000;1/2 fruit;1/2 fruit
1460.00000;1/4 fruit;1/4 fruit
1461.00000;55g;55g
1462.00000;2 fruits;2 fruits
1463.00000;1 medium fruit (5.7cm dia);1 fruit moyen (5.7cm dia)
1464.00000;2 medium fruit;2 fruits moyens
1465.00000;1/8 fruit;1/8 fruits
1466.00000;150g;150g
1467.00000;15g;15g
1468.00000;60ml unpacked;60ml non pressé
1469.00000;1/2 fruit (6.4cm);1/2 fruit (6.4cm)
1470.00000;85g;85g
1471.00000;65g;65g
1472.00000;6 spears;6 tiges et fleurs
1473.00000;6 medium spears (13.3cm to 17.8cm long);6 tiges moyennes (13.3cm à 17.8cm long)s
1474.00000;4 sprouts;4 choux
1475.00000;1 leaf, large;1 feuille, grosse
1476.00000;1 leaf, medium;1 feuille, moyenne
1477.00000;1 head, large (18cm dia);1 tête, grosse (18cm dia)
1478.00000;1 head, medium (14.5cm  dia);1 tête, moyenne (14.5cm dia)
1479.00000;1 head, small (10.5cm dia);1 tête, petite (10.5cm dia)
1480.00000;8 medium;8 moyens
1481.00000;4g;4g
1482.00000;110g;110g
1483.00000;200ml pieces;200ml morceaux
1484.00000;0.5g;0.5g
1485.00000;2 hearts;2 coeurs
1486.00000;1/2 root (24cm long);1/2 racine (24cm long)
1487.00000;1/2 large;1/2 gros
1488.00000;10 mushrooms;10 champignons
1489.00000;125g;125g
1490.00000;10 pods;10 cosses
1491.00000;4 peppers;4 piments
1492.00000;2 peppers;2 piments
1493.00000;8 peppers;8 piments
1494.00000;20g;20g
1495.00000;2 pancakes (7cm dia);2 crêpes (7cm dia)
1496.00000;75g;75g
1497.00000;70g;70g
1498.00000;160g;160g
1499.00000;20 strips;20 frites
1500.00000;3 radishes (17cm long);3 radis (17cm long)
1501.00000;1/2 medium;1/2 moyen
1503.00000;3 sticks (19.4cm x 1.6cm dia);3 batonnets (19.4cm x 1.6cm dia)
1505.00000;1/2 slice (11.1cm x 6.3cm x 1.3cm);1/2 tranche (11.1cm x 6.3cm x 1.3cm)
1507.00000;1/2 slice;1/2 tranche
1508.00000;1/2 shell (12.7cm dia);1/2 coquille (12.7cm dia)
1509.00000;1/2 pita (16.5cm dia);1/2 pita (16.5cm dia)
1510.00000;80g;80g
1515.00000;1/10 cake (340g);1/10 gâteau (340g)
1517.00000;10 cookies;10 biscuits
1518.00000;1/2 cookie (7.0cm x 2.2cm);1/2 biscuit (7.0cm x 2.2cm)
1521.00000;2 medium cookies (5cm dia);2 biscuits moyens (5cm dia)
1522.00000;2 medium cookies (5.7cm dia);2 biscuits moyens (5.7cm dia)
1525.00000;2 medium cookies;2 biscuits moyens
1526.00000;3 medium cookies;3 biscuits moyens
1527.00000;3 medium cookies (6cm x 6cm);3 biscuits moyens (6cm x 6cm)
1528.00000;2 medium cookies (1.9cm x 4.4cm);2 biscuits moyens (1.9cm x 4.4cm)
1529.00000;2 medium cookies (1cm x 8cm);2 biscuits moyens (1cm x 8cm)
1530.00000;2 medium cookies (7cm dia);2 biscuits moyens (7cm dia)
1531.00000;3 small cookies (4cm x 4cm);3 petits biscuits (4cm x 4cm)
1532.00000;3 medium wafers;3 gaufrette moyennes
1533.00000;2 medium cookies (8cm x 3cm x 1cm);2 biscuits moyens (8cm x 3cm x 1cm)
1534.00000;4 medium wafers;4 gaufrettes moyennes
1535.00000;15 small crackers;15 petits craquelins
1536.00000;3 medium crackers;3 craquelins moyens
1537.00000;5 medium crackers;5 craquelins moyens
1538.00000;4 toasts;4 biscottes
1539.00000;2 medium crackers;2 craquelins moyens
1540.00000;4 medium crackers;4 craquelins moyens
1541.00000;6 crackers;6 craquelins
1542.00000;4 sandwiches;4 sandwichs
1543.00000;10 thin squares;10 carrés minces
1544.00000;6 squares;6 carrés
1545.00000;7g;7g
1546.00000;1/2 muffin;1/2 muffin
1547.00000;0.6g;0.6g
1550.00000;1/2 muffin (5cm x 7cm);1/2 muffin (5cm x 7cm)
1552.00000;1/6 crust (20cm dia);1/6 croute (20cm dia)
1555.00000;1/2 roll;1/2 pain mollet
1556.00000;1/2 sweet roll (7cm x 7cm);1/2 brioche (7cm x 7cm)
1557.00000;2 shells (12.7cm dia);2 coquilles (12.7cm dia)
1558.00000;1/2 pastry;1/2 pâtisserie
1559.00000;1 foot;1 pied
1560.00000;100ml shaved;100ml tranché très mince
1561.00000;250ml shaved;250ml tranché très mince
1562.00000;1 half;1 moitié
1563.00000;1 date pitted;1 datte dénoyautée
1564.00000;1 slice cooked;1 tranche cuite
1565.00000;1 slice raw;1 tranche crue
1567.00000;15 pieces;15 morceaux
1568.00000;27 pieces;27 morceaux
1569.00000;17 pieces;17 morceaux
1570.00000;16 pieces;16 morceaux
1571.00000;18 pieces;18 morceaux
1572.00000;no serving specified;portion non spécifiée
1573.00000;10g;10g
1574.00000;25g;25g
1576.00000;2g;2g
1578.00000;1g;1g
1579.00000;60g;60g
1580.00000;1 food guide serving = 90g;1 portion guide alimentaire = 90g
1581.00000;1 food guide serving = 75g;1 portion guide alimentaire = 75g
1583.00000;54g;54g
1585.00000;4 small;4 petits
1586.00000;355ml;355ml
1587.00000;130ml;130ml
1589.00000;90ml;90ml
1590.00000;5g;5g
1592.00000;105ml;105ml
1597.00000;3g;3g
1598.00000;amount to make 35ml;quantité pour préparer 35ml
1599.00000;35ml;35ml
1600.00000;amount equivalent in sweetness to 4g of sugar;quantité équivalant à la teneur en sucre de 4g de sucre
1601.00000;45g;45g
1602.00000;215g;215g
1603.00000;2 sticks;2 bâtonnets
1604.00000;1/2 box;1/2 boîte
1605.00000;6 cookies;6 biscuits
1606.00000;2 hushpuppies;2 hush puppies
1607.00000;195g;195g
1608.00000;3 egg whites;3 blancs d'oeufs
1609.00000;2 large eggs;2 oeufs (gros)
1610.00000;4 egg yolks;4  jaunes d'oeufs
1611.00000;1/2 egg;1/2 oeuf
1612.00000;10 eggs;10 oeufs
1614.00000;1/2 bagel = 1 food guide serving;1/2 bagel  = 1 portion guide alimentaire
1615.00000;1 slice = 1 food guide portion;1 tranche  = 1 portion guide alimentaire
1616.00000;10 saltines;10 biscotins salés
1620.00000;1 small papad;1 petit papad
1621.00000;1 large papad;1 grand papad
1622.00000;125ml crushed;125ml écrasé
1624.00000;1 flower and leaf;1 fleur et feuille
1628.00000;1 tortilla (7.6cm dia);1 tortilla (7.6cm dia)
1629.00000;1 tortilla (12.7cm dia);1 tortilla (12.7cm dia)
1630.00000;1 tortilla (20cm dia);1 tortilla (20cm dia)
1631.00000;1 tortilla (25cm dia);1 tortilla (25cm dia)
1632.00000;1 tortilla (15.2cm dia);1 tortilla (15.2cm dia)
1633.00000;1 tortilla;1 tortilla
1634.00000;1 tortilla (15.2-17.8cm dia);1 tortilla (15.2-17.8cm dia)
1635.00000;1 tortilla (17.8-20cm dia);1 tortilla (17.8-20cm dia)
1636.00000;1 tortilla (30.5cm dia);1 tortilla (30.5cm dia)
1637.00000;1 whole pizza;1 pizza entière
1638.00000;2 cakes;2 gâteaux
1639.00000;14g;14g
1640.00000;1 can (245ml);1 cannette (245ml)
1641.00000;15ml ground;15ml moulu
1645.00000;1 yolk;1 jaune d'oeuf
1646.00000;1 pouch (30g);1 sachet (30g)
1647.00000;3 cookies (27g);3 biscuits (27g)
1648.00000;2 cookies (18g);2 biscuits (18g)
1649.00000;1 burrito;1 burrito
1650.00000;4 crackers (20g);4 craquelins (20g)
1651.00000;4 cookies (36g);4 biscuits (36g)
1652.00000;35g;35g
1654.00000;30 twists;30 torsades
1656.00000;60ml shredded, not packed;60ml filamenté, non pressé
1657.00000;60ml shredded;60ml filamenté
1658.00000;100ml flowerets;100ml fleurettes
1659.00000;125ml flowerets;125ml fleurettes
1660.00000;250ml flowerets;250ml fleurettes
1661.00000;1 licorice;1 réglisse
1662.00000;2 rectangles;2 rectangles
1663.00000;4 crackers;4 craquelins
1664.00000;4 slices;4 tranches
1665.00000;3 medium;3 moyens
1666.00000;7 medium;7 moyens
1667.00000;99g;99g
1668.00000;5 large;5 gros
1669.00000;4 medium;4 moyens
1670.00000;3 pieces;3 morceaux
1671.00000;3 slices;3 tranches
1672.00000;1 pee wee egg;1 très petit oeuf
1674.00000;1 small bag;1 petit sac
1675.00000;17 chips;17 croustilles
1676.00000;2 social tea;2 biscuits social thé
1677.00000;1 packet, prepared;1 sachet, préparé
1678.00000;1 small container;1 petit contenant
1679.00000;1 large container;1 gros contenant
502333.00000;26 small chips;26 petites croustilles
502334.00000;2 jumbos;2 jumbos
502335.00000;15 small;15 petites
502337.00000;1 ear, small, 14 - 16.5cm;1 épi, petit, 14 - 16.5cm
502338.00000;1 ear, medium, 17 - 19cm;1  épi, moyen, 17 - 19cm
502339.00000;1 ear, large, 20 - 23cm;1 épi, gros, 20 - 23cm
502340.00000;1 container (200ml);1 contenant (200ml)
502341.00000;1/6 cake (15cm diam);1/6 gâteau (15cm diam)
502342.00000;1/6;1/6
502343.00000;1 individual shell;1 individuel
502390.00000;1 sweet roll;1 brioche
502403.00000;1 medium (5cm dia);1 moyen (5cm dia)
502404.00000;1 large (6.4cm dia);1 gros (6,4cm dia)
502405.00000;1 loaf;1 pain
502406.00000;1 pizza;1 pizza
502407.00000;1 piece (5cm x 5cm);1 morceau (5cm x 5cm)
502408.00000;1 spray (about 1/3 second);1 vaporisation (environ 1/3 seconde)
502409.00000;1 rusk;1 biscotte
502410.00000;1 slice (10.8cm x 10.8cm x 0.2cm);1 tranche (10,8cm x 10,8cm x 0,2cm)
502411.00000;1 snack bag;1 sachet collation
502412.00000;2 bars;2 barres
502413.00000;1 hop & go;1 hop & go
502414.00000;1 leclerc;1 leclerc
502415.00000;nature valley;nature valley
502416.00000;quaker;quaker
502417.00000;leclerc;leclerc
502418.00000;president's choice;choix du président
502419.00000;1 bar, unspecified;1 barre, non spécifiée
502420.00000;kellogg's;kellogg's
502421.00000;1 large egg white;1 gros blanc d'oeuf
502422.00000;1 naan (25 cm dia);1 naan (25cm dia)
502423.00000;1 small (7.6 cm dia);1 petit (7,6cm dia)
502425.00000;1 large (17.8 cm dia);1 gros (17,8cm dia)
502426.00000;1 small (6.4 cm dia);1 petit (6,4cm dia)
502427.00000;1 medium (7cm dia);1 moyen (7cm dia)
502428.00000;1 large (8.3cm dia);1 gros (8,3cm dia)
502429.00000;1 tart;1 tartelette
502430.00000;1/10 cake (1-layer);1/10 gâteau (1 étage)
502431.00000;1/10 cake (2-layer);1/10 gâteau (2 étages)
502432.00000;1 serving (approximately 10 sprays);1 portion (environs 10 pulvérisations)
502434.00000;1 bottle (358ml);1 bouteille (358ml)
502435.00000;1 cocktail;1 cocktail
502436.00000;125ml flaked;125ml flocons
502437.00000;250ml flakes;250ml flocons
502438.00000;1 fillet (16cm x 9cm x 1cm);1 filet (16cm x 9cm x 1cm)
502439.00000;1 square (7.5 cm x 9 cm);1 carré (7,5 cm x 9 cm)
502440.00000;1 samosa;1 samosa
502441.00000;1 sandwich, 15 cm long (6'');1 sandwich, 15 cm long (6'')
502442.00000;1 stick (7.6 cm long);1 bâtonnet (7,6 cm)
502443.00000;1 fajita;1 fajita
502444.00000;1 quesadilla;1 quésadilla
502445.00000;1 large cookie (8.9 cm x 10.2 cm);1 gros biscuit (8,9 cm x 10,2 cm)
502446.00000;1 piece (1/10 of a loaf);1 morceau (1/10 d'un gâteau)
502447.00000;2 round waffles;2 gauffres rondes
502448.00000;1 piece, bone and skin removed;1 morceau, os et peau retirés
502452.00000;2 egg yolks;2 jaunes d'oeufs
502453.00000;1/2 piece;1/2 morceau
502454.00000;1/4;1/4
